Name                               ,Level ,School        ,Ritual ,Casting Time ,Components ,Concentration ,Damage ,DamageDice ,Duration ,Target ,TargetShape ,Save ,Range ,Palette
Acid Splash                        ,0     ,CONJURATION   ,       ,*            ,VS         ,              ,       ,           ,         ,       ,            ,     ,      ,
Blade Ward                         ,0     ,ABJURATION    ,       ,*            ,VS         ,              ,       ,           ,         ,       ,            ,     ,      ,
Booming Blade                      ,0     ,EVOCATION     ,       ,*            ,VM         ,              ,       ,           ,         ,       ,            ,     ,      ,
Chill Touch                        ,0     ,NECROMANCY    ,       ,*            ,VS         ,              ,       ,           ,         ,       ,            ,     ,      ,
Control Flames                     ,0     ,TRANSMUTATION ,       ,*            ,S          ,              ,       ,           ,         ,       ,            ,     ,      ,
Create Bonfire                     ,0     ,CONJURATION   ,       ,*            ,VS         ,yes           ,       ,           ,         ,       ,            ,     ,      ,
Dancing Lights                     ,0     ,EVOCATION     ,       ,*            ,VSM        ,yes           ,       ,           ,         ,       ,            ,     ,      ,
Druidcraft                         ,0     ,TRANSMUTATION ,       ,*            ,VS         ,              ,       ,           ,         ,       ,            ,     ,      ,
Eldritch Blast                     ,0     ,EVOCATION     ,       ,*            ,VS         ,              ,       ,           ,         ,       ,            ,     ,      ,
Fire Bolt                          ,0     ,EVOCATION     ,       ,*            ,VS         ,              ,       ,           ,         ,       ,            ,     ,      ,
Friends                            ,0     ,ENCHANTMENT   ,       ,*            ,SM         ,yes           ,       ,           ,         ,       ,            ,     ,      ,
Frostbite                          ,0     ,EVOCATION     ,       ,*            ,VS         ,              ,       ,           ,         ,       ,            ,     ,      ,
Green-Flame Blade                  ,0     ,EVOCATION     ,       ,*            ,VM         ,              ,       ,           ,         ,       ,            ,     ,      ,
Guidance                           ,0     ,DIVINATION    ,       ,*            ,VS         ,yes           ,       ,           ,         ,       ,            ,     ,      ,
Gust                               ,0     ,TRANSMUTATION ,       ,*            ,VS         ,              ,       ,           ,         ,       ,            ,     ,      ,
Infestation                        ,0     ,CONJURATION   ,       ,*            ,VSM        ,              ,       ,           ,         ,       ,            ,     ,      ,
Light                              ,0     ,EVOCATION     ,       ,*            ,VM         ,              ,       ,           ,         ,       ,            ,     ,      ,
Lightning Lure                     ,0     ,EVOCATION     ,       ,*            ,V          ,              ,       ,           ,         ,       ,            ,     ,      ,
Mage Hand                          ,0     ,CONJURATION   ,       ,*            ,VS         ,              ,       ,           ,         ,       ,            ,     ,      ,
Magic Stone                        ,0     ,TRANSMUTATION ,       ,**           ,VS         ,              ,       ,           ,         ,       ,            ,     ,      ,
Mending                            ,0     ,TRANSMUTATION ,       ,1M           ,VSM        ,              ,       ,           ,         ,       ,            ,     ,      ,
Message                            ,0     ,TRANSMUTATION ,       ,*            ,VSM        ,              ,       ,           ,         ,       ,            ,     ,      ,
Mind Sliver                        ,0     ,ENCHANTMENT   ,       ,*            ,V          ,              ,       ,           ,         ,       ,            ,     ,      ,
Minor Illusion                     ,0     ,ILLUSION      ,       ,*            ,SM         ,              ,       ,           ,         ,       ,            ,     ,      ,
Mold Earth                         ,0     ,TRANSMUTATION ,       ,*            ,S          ,              ,       ,           ,         ,       ,            ,     ,      ,
Poison Spray                       ,0     ,CONJURATION   ,       ,*            ,VS         ,              ,       ,           ,         ,       ,            ,     ,      ,
Prestidigitation                   ,0     ,TRANSMUTATION ,       ,*            ,VS         ,              ,       ,           ,         ,       ,            ,     ,      ,
Primal Savagery                    ,0     ,TRANSMUTATION ,       ,*            ,S          ,              ,       ,           ,         ,       ,            ,     ,      ,
Produce Flame                      ,0     ,CONJURATION   ,       ,*            ,VS         ,              ,       ,           ,         ,       ,            ,     ,      ,
Ray of Frost                       ,0     ,EVOCATION     ,       ,*            ,VS         ,              ,       ,           ,         ,       ,            ,     ,      ,
Resistance                         ,0     ,ABJURATION    ,       ,*            ,VSM        ,yes           ,       ,           ,         ,       ,            ,     ,      ,
Sacred Flame                       ,0     ,EVOCATION     ,       ,*            ,VS         ,              ,       ,           ,         ,       ,            ,     ,      ,
Shape Water                        ,0     ,TRANSMUTATION ,       ,*            ,S          ,              ,       ,           ,         ,       ,            ,     ,      ,
Shillelagh                         ,0     ,TRANSMUTATION ,       ,**           ,VSM        ,              ,       ,           ,         ,       ,            ,     ,      ,
Shocking Grasp                     ,0     ,EVOCATION     ,       ,*            ,VS         ,              ,       ,           ,         ,       ,            ,     ,      ,
Spare the Dying                    ,0     ,NECROMANCY    ,       ,*            ,VS         ,              ,       ,           ,         ,       ,            ,     ,      ,
Sword Burst                        ,0     ,CONJURATION   ,       ,*            ,V          ,              ,       ,           ,         ,       ,            ,     ,      ,
Thaumaturgy                        ,0     ,TRANSMUTATION ,       ,*            ,V          ,              ,       ,           ,         ,       ,            ,     ,      ,
Thorn Whip                         ,0     ,TRANSMUTATION ,       ,*            ,VSM        ,              ,       ,           ,         ,       ,            ,     ,      ,
Thunderclap                        ,0     ,EVOCATION     ,       ,*            ,S          ,              ,       ,           ,         ,       ,            ,     ,      ,
Toll the Dead                      ,0     ,NECROMANCY    ,       ,*            ,VS         ,              ,       ,           ,         ,       ,            ,     ,      ,
True Strike                        ,0     ,DIVINATION    ,       ,*            ,S          ,yes           ,       ,           ,         ,       ,            ,     ,      ,
Vicious Mockery                    ,0     ,ENCHANTMENT   ,       ,*            ,V          ,              ,       ,           ,         ,       ,            ,     ,      ,
Word of Radiance                   ,0     ,EVOCATION     ,       ,*            ,VM         ,              ,       ,           ,         ,       ,            ,     ,      ,
Absorb Elements                    ,1     ,ABJURATION    ,       ,1R*          ,S          ,              ,       ,           ,         ,       ,            ,     ,      ,
Alarm                              ,1     ,ABJURATION    ,yes    ,1M           ,VSM        ,              ,       ,           ,         ,       ,            ,     ,      ,
Animal Friendship                  ,1     ,ENCHANTMENT   ,       ,*            ,VSM        ,              ,       ,           ,         ,       ,            ,     ,      ,
Arcane Weapon                      ,1     ,TRANSMUTATION ,       ,**           ,VS         ,yes           ,       ,           ,         ,       ,            ,     ,      ,
Armor of Agathys                   ,1     ,ABJURATION    ,       ,*            ,VSM        ,              ,       ,           ,         ,       ,            ,     ,      ,
Arms of Hadar                      ,1     ,CONJURATION   ,       ,*            ,VS         ,              ,       ,           ,         ,       ,            ,     ,      ,
Bane                               ,1     ,ENCHANTMENT   ,       ,*            ,VSM        ,yes           ,       ,           ,         ,       ,            ,     ,      ,
Beast Bond                         ,1     ,DIVINATION    ,       ,*            ,VSM        ,yes           ,       ,           ,         ,       ,            ,     ,      ,
Bless                              ,1     ,ENCHANTMENT   ,       ,*            ,VSM        ,yes           ,       ,           ,         ,       ,            ,     ,      ,
Burning Hands                      ,1     ,EVOCATION     ,       ,*            ,VS         ,              ,       ,           ,         ,       ,            ,     ,      ,
Catapult                           ,1     ,TRANSMUTATION ,       ,*            ,S          ,              ,       ,           ,         ,       ,            ,     ,      ,
Cause Fear                         ,1     ,NECROMANCY    ,       ,*            ,V          ,yes           ,       ,           ,         ,       ,            ,     ,      ,
Ceremony                           ,1     ,ABJURATION    ,yes    ,1H           ,VSM        ,              ,       ,           ,         ,       ,            ,     ,      ,
Chaos Bolt                         ,1     ,EVOCATION     ,       ,*            ,VS         ,              ,       ,           ,         ,       ,            ,     ,      ,
Charm Person                       ,1     ,ENCHANTMENT   ,       ,*            ,VS         ,              ,       ,           ,         ,       ,            ,     ,      ,
Chromatic Orb                      ,1     ,EVOCATION     ,       ,*            ,VSM        ,              ,       ,           ,         ,       ,            ,     ,      ,
Color Spray                        ,1     ,ILLUSION      ,       ,*            ,VSM        ,              ,       ,           ,         ,       ,            ,     ,      ,
Command                            ,1     ,ENCHANTMENT   ,       ,*            ,V          ,              ,       ,           ,         ,       ,            ,     ,      ,
Compelled Duel                     ,1     ,ENCHANTMENT   ,       ,**           ,V          ,yes           ,       ,           ,         ,       ,            ,     ,      ,
Comprehend Languages               ,1     ,DIVINATION    ,yes    ,*            ,VSM        ,              ,       ,           ,         ,       ,            ,     ,      ,
Create or Destroy Water            ,1     ,TRANSMUTATION ,       ,*            ,VSM        ,              ,       ,           ,         ,       ,            ,     ,      ,
Cure Wounds                        ,1     ,EVOCATION     ,       ,*            ,VS         ,              ,       ,           ,         ,       ,            ,     ,      ,
Detect Evil and Good               ,1     ,DIVINATION    ,       ,*            ,VS         ,yes           ,       ,           ,         ,       ,            ,     ,      ,
Detect Magic                       ,1     ,DIVINATION    ,yes    ,*            ,VS         ,yes           ,       ,           ,         ,       ,            ,     ,      ,
Detect Poison and Disease          ,1     ,DIVINATION    ,yes    ,*            ,VSM        ,yes           ,       ,           ,         ,       ,            ,     ,      ,
Disguise Self                      ,1     ,ILLUSION      ,       ,*            ,VS         ,              ,       ,           ,         ,       ,            ,     ,      ,
Dissonant Whispers                 ,1     ,ENCHANTMENT   ,       ,*            ,V          ,              ,       ,           ,         ,       ,            ,     ,      ,
Divine Favor                       ,1     ,EVOCATION     ,       ,**           ,VS         ,yes           ,       ,           ,         ,       ,            ,     ,      ,
Earth Tremor                       ,1     ,EVOCATION     ,       ,*            ,VS         ,              ,       ,           ,         ,       ,            ,     ,      ,
Ensnaring Strike                   ,1     ,CONJURATION   ,       ,**           ,V          ,yes           ,       ,           ,         ,       ,            ,     ,      ,
Entangle                           ,1     ,CONJURATION   ,       ,*            ,VS         ,yes           ,       ,           ,         ,       ,            ,     ,      ,
Expeditious Retreat                ,1     ,TRANSMUTATION ,       ,**           ,VS         ,yes           ,       ,           ,         ,       ,            ,     ,      ,
Faerie Fire                        ,1     ,EVOCATION     ,       ,*            ,V          ,yes           ,       ,           ,         ,       ,            ,     ,      ,
False Life                         ,1     ,NECROMANCY    ,       ,*            ,VSM        ,              ,       ,           ,         ,       ,            ,     ,      ,
Feather Fall                       ,1     ,TRANSMUTATION ,       ,1R*          ,VM         ,              ,       ,           ,         ,       ,            ,     ,      ,
Find Familiar                      ,1     ,CONJURATION   ,yes    ,1H           ,VSM        ,              ,       ,           ,         ,       ,            ,     ,      ,
Fog Cloud                          ,1     ,CONJURATION   ,       ,*            ,VS         ,yes           ,       ,           ,         ,       ,            ,     ,      ,
Goodberry                          ,1     ,TRANSMUTATION ,       ,*            ,VSM        ,              ,       ,           ,         ,       ,            ,     ,      ,
Grease                             ,1     ,CONJURATION   ,       ,*            ,VSM        ,              ,       ,           ,         ,       ,            ,     ,      ,
Guiding Bolt                       ,1     ,EVOCATION     ,       ,*            ,VS         ,              ,       ,           ,         ,       ,            ,     ,      ,
Hail of Thorns                     ,1     ,CONJURATION   ,       ,**           ,V          ,yes           ,       ,           ,         ,       ,            ,     ,      ,
Healing Word                       ,1     ,EVOCATION     ,       ,**           ,V          ,              ,       ,           ,         ,       ,            ,     ,      ,
Hellish Rebuke                     ,1     ,EVOCATION     ,       ,1R*          ,VS         ,              ,       ,           ,         ,       ,            ,     ,      ,
Heroism                            ,1     ,ENCHANTMENT   ,       ,*            ,VS         ,yes           ,       ,           ,         ,       ,            ,     ,      ,
Hex                                ,1     ,ENCHANTMENT   ,       ,**           ,VSM        ,yes           ,       ,           ,         ,       ,            ,     ,      ,
Hunter's Mark                      ,1     ,DIVINATION    ,       ,**           ,V          ,yes           ,       ,           ,         ,       ,            ,     ,      ,
Ice Knife                          ,1     ,CONJURATION   ,       ,*            ,SM         ,              ,       ,           ,         ,       ,            ,     ,      ,
Identify                           ,1     ,DIVINATION    ,yes    ,1M           ,VSM        ,              ,       ,           ,         ,       ,            ,     ,      ,
Illusory Script                    ,1     ,ILLUSION      ,yes    ,1M           ,SMgp       ,              ,       ,           ,         ,       ,            ,     ,      ,
Inflict Wounds                     ,1     ,NECROMANCY    ,       ,*            ,VS         ,              ,       ,           ,         ,       ,            ,     ,      ,
Jump                               ,1     ,TRANSMUTATION ,       ,*            ,VSM        ,              ,       ,           ,         ,       ,            ,     ,      ,
Longstrider                        ,1     ,TRANSMUTATION ,       ,*            ,VSM        ,              ,       ,           ,         ,       ,            ,     ,      ,
Mage Armor                         ,1     ,ABJURATION    ,       ,*            ,VSM        ,              ,       ,           ,         ,       ,            ,     ,      ,
Magic Missile                      ,1     ,EVOCATION     ,       ,*            ,VS         ,              ,       ,           ,         ,       ,            ,     ,      ,
Protection from Evil and Good      ,1     ,ABJURATION    ,       ,*            ,VSM        ,yes           ,       ,           ,         ,       ,            ,     ,      ,
Purify Food and Drink              ,1     ,TRANSMUTATION ,yes    ,*            ,VS         ,              ,       ,           ,         ,       ,            ,     ,      ,
Ray of Sickness                    ,1     ,NECROMANCY    ,       ,*            ,VS         ,              ,       ,           ,         ,       ,            ,     ,      ,
Sanctuary                          ,1     ,ABJURATION    ,       ,**           ,VSM        ,              ,       ,           ,         ,       ,            ,     ,      ,
Searing Smite                      ,1     ,EVOCATION     ,       ,**           ,V          ,yes           ,       ,           ,         ,       ,            ,     ,      ,
Shield                             ,1     ,ABJURATION    ,       ,1R*          ,VS         ,              ,       ,           ,         ,       ,            ,     ,      ,
Shield of Faith                    ,1     ,ABJURATION    ,       ,**           ,VSM        ,yes           ,       ,           ,         ,       ,            ,     ,      ,
Silent Image                       ,1     ,ILLUSION      ,       ,*            ,VSM        ,yes           ,       ,           ,         ,       ,            ,     ,      ,
Sleep                              ,1     ,ENCHANTMENT   ,       ,*            ,VSM        ,              ,       ,           ,         ,       ,            ,     ,      ,
Snare                              ,1     ,ABJURATION    ,       ,1M           ,SMgp       ,              ,       ,           ,         ,       ,            ,     ,      ,
Speak with Animals                 ,1     ,DIVINATION    ,yes    ,*            ,VS         ,              ,       ,           ,         ,       ,            ,     ,      ,
Tasha's Caustic Brew               ,1     ,EVOCATION     ,       ,*            ,VSM        ,yes           ,       ,           ,         ,       ,            ,     ,      ,
Tasha's Hideous Laughter           ,1     ,ENCHANTMENT   ,       ,*            ,VSM        ,yes           ,       ,           ,         ,       ,            ,     ,      ,
Tenser's Floating Disk             ,1     ,CONJURATION   ,yes    ,*            ,VSM        ,              ,       ,           ,         ,       ,            ,     ,      ,
Thunderous Smite                   ,1     ,EVOCATION     ,       ,**           ,V          ,yes           ,       ,           ,         ,       ,            ,     ,      ,
Thunderwave                        ,1     ,EVOCATION     ,       ,*            ,VS         ,              ,       ,           ,         ,       ,            ,     ,      ,
Unseen Servant                     ,1     ,CONJURATION   ,yes    ,*            ,VSM        ,              ,       ,           ,         ,       ,            ,     ,      ,
Witch Bolt                         ,1     ,EVOCATION     ,       ,*            ,VSM        ,yes           ,       ,           ,         ,       ,            ,     ,      ,
Wrathful Smite                     ,1     ,EVOCATION     ,       ,**           ,V          ,yes           ,       ,           ,         ,       ,            ,     ,      ,
Zephyr Strike                      ,1     ,TRANSMUTATION ,       ,**           ,V          ,yes           ,       ,           ,         ,       ,            ,     ,      ,
Aganazzar's Scorcher               ,2     ,EVOCATION     ,       ,*            ,VSM        ,              ,       ,           ,         ,       ,            ,     ,      ,
Aid                                ,2     ,ABJURATION    ,       ,*            ,VSM        ,              ,       ,           ,         ,       ,            ,     ,      ,
Alter Self                         ,2     ,TRANSMUTATION ,       ,*            ,VS         ,yes           ,       ,           ,         ,       ,            ,     ,      ,
Animal Messenger                   ,2     ,ENCHANTMENT   ,yes    ,*            ,VSM        ,              ,       ,           ,         ,       ,            ,     ,      ,
Arcane Lock                        ,2     ,ABJURATION    ,       ,*            ,VSM        ,              ,       ,           ,         ,       ,            ,     ,      ,
Augury                             ,2     ,DIVINATION    ,yes    ,1M           ,VSM        ,              ,       ,           ,         ,       ,            ,     ,      ,
Barkskin                           ,2     ,TRANSMUTATION ,       ,*            ,VSM        ,yes           ,       ,           ,         ,       ,            ,     ,      ,
Beast Sense                        ,2     ,DIVINATION    ,yes    ,*            ,S          ,yes           ,       ,           ,         ,       ,            ,     ,      ,
Blindness/Deafness                 ,2     ,NECROMANCY    ,       ,*            ,V          ,              ,       ,           ,         ,       ,            ,     ,      ,
Blur                               ,2     ,ILLUSION      ,       ,*            ,V          ,yes           ,       ,           ,         ,       ,            ,     ,      ,
Branding Smite                     ,2     ,EVOCATION     ,       ,**           ,V          ,yes           ,       ,           ,         ,       ,            ,     ,      ,
Calm Emotions                      ,2     ,ENCHANTMENT   ,       ,*            ,VS         ,yes           ,       ,           ,         ,       ,            ,     ,      ,
Cloud of Daggers                   ,2     ,CONJURATION   ,       ,*            ,VSM        ,yes           ,       ,           ,         ,       ,            ,     ,      ,
Continual Flame                    ,2     ,EVOCATION     ,       ,*            ,VSM        ,              ,       ,           ,         ,       ,            ,     ,      ,
Cordon of Arrows                   ,2     ,TRANSMUTATION ,       ,*            ,VSM        ,              ,       ,           ,         ,       ,            ,     ,      ,
Crown of Madness                   ,2     ,ENCHANTMENT   ,       ,*            ,VS         ,yes           ,       ,           ,         ,       ,            ,     ,      ,
Darkness                           ,2     ,EVOCATION     ,       ,*            ,VM         ,yes           ,       ,           ,         ,       ,            ,     ,      ,
Darkvision                         ,2     ,TRANSMUTATION ,       ,*            ,VSM        ,              ,       ,           ,         ,       ,            ,     ,      ,
Detect Thoughts                    ,2     ,DIVINATION    ,       ,*            ,VSM        ,yes           ,       ,           ,         ,       ,            ,     ,      ,
Dragon's Breath                    ,2     ,TRANSMUTATION ,       ,**           ,VSM        ,yes           ,       ,           ,         ,       ,            ,     ,      ,
Dust Devil                         ,2     ,CONJURATION   ,       ,*            ,VSM        ,yes           ,       ,           ,         ,       ,            ,     ,      ,
Earthbind                          ,2     ,TRANSMUTATION ,       ,*            ,V          ,yes           ,       ,           ,         ,       ,            ,     ,      ,
Enhance Ability                    ,2     ,TRANSMUTATION ,       ,*            ,VSM        ,yes           ,       ,           ,         ,       ,            ,     ,      ,
Enlarge/Reduce                     ,2     ,TRANSMUTATION ,       ,*            ,VSM        ,yes           ,       ,           ,         ,       ,            ,     ,      ,
Enthrall                           ,2     ,ENCHANTMENT   ,       ,*            ,VS         ,              ,       ,           ,         ,       ,            ,     ,      ,
Find Steed                         ,2     ,CONJURATION   ,       ,10M   ,VS         ,              ,       ,           ,         ,       ,            ,     ,      ,
Find Traps                         ,2     ,DIVINATION    ,       ,*            ,VS         ,              ,       ,           ,         ,       ,            ,     ,      ,
Flame Blade                        ,2     ,EVOCATION     ,       ,**           ,VSM        ,yes           ,       ,           ,         ,       ,            ,     ,      ,
Flaming Sphere                     ,2     ,CONJURATION   ,       ,*            ,VSM        ,yes           ,       ,           ,         ,       ,            ,     ,      ,
Gentle Repose                      ,2     ,NECROMANCY    ,yes    ,*            ,VSM        ,              ,       ,           ,         ,       ,            ,     ,      ,
Gust of Wind                       ,2     ,EVOCATION     ,       ,*            ,VSM        ,yes           ,       ,           ,         ,       ,            ,     ,      ,
Healing Spirit                     ,2     ,CONJURATION   ,       ,**           ,VS         ,yes           ,       ,           ,         ,       ,            ,     ,      ,
Heat Metal                         ,2     ,TRANSMUTATION ,       ,*            ,VSM        ,yes           ,       ,           ,         ,       ,            ,     ,      ,
Hold Person                        ,2     ,ENCHANTMENT   ,       ,*            ,VSM        ,yes           ,       ,           ,         ,       ,            ,     ,      ,
Invisibility                       ,2     ,ILLUSION      ,       ,*            ,VSM        ,yes           ,       ,           ,         ,       ,            ,     ,      ,
Knock                              ,2     ,TRANSMUTATION ,       ,*            ,V          ,              ,       ,           ,         ,       ,            ,     ,      ,
Lesser Restoration                 ,2     ,ABJURATION    ,       ,*            ,VS         ,              ,       ,           ,         ,       ,            ,     ,      ,
Levitate                           ,2     ,TRANSMUTATION ,       ,*            ,VSM        ,yes           ,       ,           ,         ,       ,            ,     ,      ,
Locate Animals or Plants           ,2     ,DIVINATION    ,yes    ,*            ,VSM        ,              ,       ,           ,         ,       ,            ,     ,      ,
Locate Object                      ,2     ,DIVINATION    ,       ,*            ,VSM        ,yes           ,       ,           ,         ,       ,            ,     ,      ,
Magic Mouth                        ,2     ,ILLUSION      ,yes    ,1M           ,VSM        ,              ,       ,           ,         ,       ,            ,     ,      ,
Magic Weapon                       ,2     ,TRANSMUTATION ,       ,**           ,VS         ,yes           ,       ,           ,         ,       ,            ,     ,      ,
Maximilian's Earthen Grasp         ,2     ,TRANSMUTATION ,       ,*            ,VSM        ,yes           ,       ,           ,         ,       ,            ,     ,      ,
Melf's Acid Arrow                  ,2     ,EVOCATION     ,       ,*            ,VSM        ,              ,       ,           ,         ,       ,            ,     ,      ,
Mind Spike                         ,2     ,DIVINATION    ,       ,*            ,S          ,yes           ,       ,           ,         ,       ,            ,     ,      ,
Mirror Image                       ,2     ,ILLUSION      ,       ,*            ,VS         ,              ,       ,           ,         ,       ,            ,     ,      ,
Misty Step                         ,2     ,CONJURATION   ,       ,**           ,V          ,              ,       ,           ,         ,       ,            ,     ,      ,
Moonbeam                           ,2     ,EVOCATION     ,       ,*            ,VSM        ,yes           ,       ,           ,         ,       ,            ,     ,      ,
Nystul's Magic Aura                ,2     ,ILLUSION      ,       ,*            ,VSM        ,              ,       ,           ,         ,       ,            ,     ,      ,
Pass without Trace                 ,2     ,ABJURATION    ,       ,*            ,VSM        ,yes           ,       ,           ,         ,       ,            ,     ,      ,
Phantasmal Force                   ,2     ,ILLUSION      ,       ,*            ,VSM        ,yes           ,       ,           ,         ,       ,            ,     ,      ,
Prayer of Healing                  ,2     ,EVOCATION     ,       ,10M   ,V          ,              ,       ,           ,         ,       ,            ,     ,      ,
Protection from Poison             ,2     ,ABJURATION    ,       ,*            ,VS         ,              ,       ,           ,         ,       ,            ,     ,      ,
Pyrotechnics                       ,2     ,TRANSMUTATION ,       ,*            ,VS         ,              ,       ,           ,         ,       ,            ,     ,      ,
Ray of Enfeeblement                ,2     ,NECROMANCY    ,       ,*            ,VS         ,yes           ,       ,           ,         ,       ,            ,     ,      ,
Rope Trick                         ,2     ,TRANSMUTATION ,       ,*            ,VSM        ,              ,       ,           ,         ,       ,            ,     ,      ,
Scorching Ray                      ,2     ,EVOCATION     ,       ,*            ,VS         ,              ,       ,           ,         ,       ,            ,     ,      ,
See Invisibility                   ,2     ,DIVINATION    ,       ,*            ,VSM        ,              ,       ,           ,         ,       ,            ,     ,      ,
Shadow Blade                       ,2     ,ILLUSION      ,       ,**           ,VS         ,yes           ,       ,           ,         ,       ,            ,     ,      ,
Shatter                            ,2     ,EVOCATION     ,       ,*            ,VSM        ,              ,       ,           ,         ,       ,            ,     ,      ,
Silence                            ,2     ,ILLUSION      ,yes    ,*            ,VS         ,yes           ,       ,           ,         ,       ,            ,     ,      ,
Skywrite                           ,2     ,TRANSMUTATION ,yes    ,*            ,VS         ,yes           ,       ,           ,         ,       ,            ,     ,      ,
Snilloc's Snowball Swarm           ,2     ,EVOCATION     ,       ,*            ,VSM        ,              ,       ,           ,         ,       ,            ,     ,      ,
Spider Climb                       ,2     ,TRANSMUTATION ,       ,*            ,VSM        ,yes           ,       ,           ,         ,       ,            ,     ,      ,
Spike Growth                       ,2     ,TRANSMUTATION ,       ,*            ,VSM        ,yes           ,       ,           ,         ,       ,            ,     ,      ,
Spiritual Weapon                   ,2     ,EVOCATION     ,       ,**           ,VS         ,              ,       ,           ,         ,       ,            ,     ,      ,
Suggestion                         ,2     ,ENCHANTMENT   ,       ,*            ,VM         ,yes           ,       ,           ,         ,       ,            ,     ,      ,
Summon Beast                       ,2     ,CONJURATION   ,       ,*            ,VSM        ,yes           ,       ,           ,         ,       ,            ,     ,      ,
Tasha's Mind Whip                  ,2     ,ENCHANTMENT   ,       ,*            ,V          ,              ,       ,           ,         ,       ,            ,     ,      ,
Warding Bond                       ,2     ,ABJURATION    ,       ,*            ,VSM        ,              ,       ,           ,         ,       ,            ,     ,      ,
Warding Wind                       ,2     ,EVOCATION     ,       ,*            ,V          ,yes           ,       ,           ,         ,       ,            ,     ,      ,
Web                                ,2     ,CONJURATION   ,       ,*            ,VSM        ,yes           ,       ,           ,         ,       ,            ,     ,      ,
Zone of Truth                      ,2     ,ENCHANTMENT   ,       ,*            ,VS         ,              ,       ,           ,         ,       ,            ,     ,      ,
Animate Dead                       ,3     ,NECROMANCY    ,       ,1M           ,VSM        ,              ,       ,           ,         ,       ,            ,     ,      ,
Aura of Vitality                   ,3     ,EVOCATION     ,       ,*            ,V          ,yes           ,       ,           ,         ,       ,            ,     ,      ,
Beacon of Hope                     ,3     ,ABJURATION    ,       ,*            ,VS         ,yes           ,       ,           ,         ,       ,            ,     ,      ,
Bestow Curse                       ,3     ,NECROMANCY    ,       ,*            ,VS         ,yes           ,       ,           ,         ,       ,            ,     ,      ,
Blinding Smite                     ,3     ,EVOCATION     ,       ,**           ,V          ,yes           ,       ,           ,         ,       ,            ,     ,      ,
Blink                              ,3     ,TRANSMUTATION ,       ,*            ,VS         ,              ,       ,           ,         ,       ,            ,     ,      ,
Call Lightning                     ,3     ,CONJURATION   ,       ,*            ,VS         ,yes           ,       ,           ,         ,       ,            ,     ,      ,
Catnap                             ,3     ,ENCHANTMENT   ,       ,*            ,SM         ,              ,       ,           ,         ,       ,            ,     ,      ,
Clairvoyance                       ,3     ,DIVINATION    ,       ,10M   ,VSM        ,yes           ,       ,           ,         ,       ,            ,     ,      ,
Conjure Animals                    ,3     ,CONJURATION   ,       ,*            ,VS         ,yes           ,       ,           ,         ,       ,            ,     ,      ,
Conjure Barrage                    ,3     ,CONJURATION   ,       ,*            ,VSM        ,              ,       ,           ,         ,       ,            ,     ,      ,
Counterspell                       ,3     ,ABJURATION    ,       ,1R*          ,S          ,              ,       ,           ,         ,       ,            ,     ,      ,
Create Food and Water              ,3     ,CONJURATION   ,       ,*            ,VS         ,              ,       ,           ,         ,       ,            ,     ,      ,
Crusader's Mantle                  ,3     ,EVOCATION     ,       ,*            ,V          ,yes           ,       ,           ,         ,       ,            ,     ,      ,
Daylight                           ,3     ,EVOCATION     ,       ,*            ,VS         ,              ,       ,           ,         ,       ,            ,     ,      ,
Dispel Magic                       ,3     ,ABJURATION    ,       ,*            ,VS         ,              ,       ,           ,         ,       ,            ,     ,      ,
Elemental Weapon                   ,3     ,TRANSMUTATION ,       ,*            ,VS         ,yes           ,       ,           ,         ,       ,            ,     ,      ,
Enemies Abound                     ,3     ,ENCHANTMENT   ,       ,*            ,VS         ,yes           ,       ,           ,         ,       ,            ,     ,      ,
Erupting Earth                     ,3     ,TRANSMUTATION ,       ,*            ,VSM        ,              ,       ,           ,         ,       ,            ,     ,      ,
Fear                               ,3     ,ILLUSION      ,       ,*            ,VSM        ,yes           ,       ,           ,         ,       ,            ,     ,      ,
Feign Death                        ,3     ,NECROMANCY    ,yes    ,*            ,VSM        ,              ,       ,           ,         ,       ,            ,     ,      ,
Fireball                           ,3     ,EVOCATION     ,       ,*            ,VSM        ,              ,       ,           ,         ,       ,            ,     ,      ,
Flame Arrows                       ,3     ,TRANSMUTATION ,       ,*            ,VS         ,yes           ,       ,           ,         ,       ,            ,     ,      ,
Fly                                ,3     ,TRANSMUTATION ,       ,*            ,VSM        ,yes           ,       ,           ,         ,       ,            ,     ,      ,
Gaseous Form                       ,3     ,TRANSMUTATION ,       ,*            ,VSM        ,yes           ,       ,           ,         ,       ,            ,     ,      ,
Glyph of Warding                   ,3     ,ABJURATION    ,       ,1H           ,VSM        ,              ,       ,           ,         ,       ,            ,     ,      ,
Haste                              ,3     ,TRANSMUTATION ,       ,*            ,VSM        ,yes           ,       ,           ,         ,       ,            ,     ,      ,
Hunger of Hadar                    ,3     ,CONJURATION   ,       ,*            ,VSM        ,yes           ,       ,           ,         ,       ,            ,     ,      ,
Hypnotic Pattern                   ,3     ,ILLUSION      ,       ,*            ,SM         ,yes           ,       ,           ,         ,       ,            ,     ,      ,
Intellect Fortress                 ,3     ,ABJURATION    ,       ,*            ,V          ,yes           ,       ,           ,         ,       ,            ,     ,      ,
Leomund's Tiny Hut                 ,3     ,EVOCATION     ,yes    ,1M           ,VSM        ,              ,       ,           ,         ,       ,            ,     ,      ,
Life Transference                  ,3     ,NECROMANCY    ,       ,*            ,VS         ,              ,       ,           ,         ,       ,            ,     ,      ,
Lightning Arrow                    ,3     ,TRANSMUTATION ,       ,**           ,VS         ,yes           ,       ,           ,         ,       ,            ,     ,      ,
Lightning Bolt                     ,3     ,EVOCATION     ,       ,*            ,VSM        ,              ,       ,           ,         ,       ,            ,     ,      ,
Magic Circle                       ,3     ,ABJURATION    ,       ,1M           ,VSM        ,              ,       ,           ,         ,       ,            ,     ,      ,
Major Image                        ,3     ,ILLUSION      ,       ,*            ,VSM        ,yes           ,       ,           ,         ,       ,            ,     ,      ,
Mass Healing Word                  ,3     ,EVOCATION     ,       ,**           ,V          ,              ,       ,           ,         ,       ,            ,     ,      ,
Meld into Stone                    ,3     ,TRANSMUTATION ,yes    ,*            ,VS         ,              ,       ,           ,         ,       ,            ,     ,      ,
Melf's Minute Meteors              ,3     ,EVOCATION     ,       ,*            ,VSM        ,yes           ,       ,           ,         ,       ,            ,     ,      ,
Nondetection                       ,3     ,ABJURATION    ,       ,*            ,VSM        ,              ,       ,           ,         ,       ,            ,     ,      ,
Phantom Steed                      ,3     ,ILLUSION      ,yes    ,1M           ,VS         ,              ,       ,           ,         ,       ,            ,     ,      ,
Plant Growth                       ,3     ,TRANSMUTATION ,       ,*            ,VS         ,              ,       ,           ,         ,       ,            ,     ,      ,
Protection from Energy             ,3     ,ABJURATION    ,       ,*            ,VS         ,yes           ,       ,           ,         ,       ,            ,     ,      ,
Remove Curse                       ,3     ,ABJURATION    ,       ,*            ,VS         ,              ,       ,           ,         ,       ,            ,     ,      ,
Revivify                           ,3     ,NECROMANCY    ,       ,*            ,VSM        ,              ,       ,           ,         ,       ,            ,     ,      ,
Sending                            ,3     ,EVOCATION     ,       ,*            ,VSM        ,              ,       ,           ,         ,       ,            ,     ,      ,
Sleet Storm                        ,3     ,CONJURATION   ,       ,*            ,VSM        ,yes           ,       ,           ,         ,       ,            ,     ,      ,
Slow                               ,3     ,TRANSMUTATION ,       ,*            ,VSM        ,yes           ,       ,           ,         ,       ,            ,     ,      ,
Speak with Dead                    ,3     ,NECROMANCY    ,       ,*            ,VSM        ,              ,       ,           ,         ,       ,            ,     ,      ,
Speak with Plants                  ,3     ,TRANSMUTATION ,       ,*            ,VS         ,              ,       ,           ,         ,       ,            ,     ,      ,
Spirit Guardians                   ,3     ,CONJURATION   ,       ,*            ,VSM        ,yes           ,       ,           ,         ,       ,            ,     ,      ,
Spirit Shroud                      ,3     ,NECROMANCY    ,       ,**           ,VS         ,yes           ,       ,           ,         ,       ,            ,     ,      ,
Stinking Cloud                     ,3     ,CONJURATION   ,       ,*            ,VSM        ,yes           ,       ,           ,         ,       ,            ,     ,      ,
Summon Fey                         ,3     ,CONJURATION   ,       ,*            ,VSM        ,yes           ,       ,           ,         ,       ,            ,     ,      ,
Summon Lesser Demons               ,3     ,CONJURATION   ,       ,*            ,VSM        ,yes           ,       ,           ,         ,       ,            ,     ,      ,
Summon Shadowspawn                 ,3     ,CONJURATION   ,       ,*            ,VSM        ,yes           ,       ,           ,         ,       ,            ,     ,      ,
Summon Undead                      ,3     ,NECROMANCY    ,       ,*            ,VSM        ,yes           ,       ,           ,         ,       ,            ,     ,      ,
Thunder Step                       ,3     ,CONJURATION   ,       ,*            ,V          ,              ,       ,           ,         ,       ,            ,     ,      ,
Tidal Wave                         ,3     ,CONJURATION   ,       ,*            ,VSM        ,              ,       ,           ,         ,       ,            ,     ,      ,
Tiny Servant                       ,3     ,TRANSMUTATION ,       ,1M           ,VS         ,              ,       ,           ,         ,       ,            ,     ,      ,
Tongues                            ,3     ,DIVINATION    ,       ,*            ,VM         ,              ,       ,           ,         ,       ,            ,     ,      ,
Vampiric Touch                     ,3     ,NECROMANCY    ,       ,*            ,VS         ,yes           ,       ,           ,         ,       ,            ,     ,      ,
Wall of Sand                       ,3     ,EVOCATION     ,       ,*            ,VSM        ,yes           ,       ,           ,         ,       ,            ,     ,      ,
Wall of Water                      ,3     ,EVOCATION     ,       ,*            ,VSM        ,yes           ,       ,           ,         ,       ,            ,     ,      ,
Water Breathing                    ,3     ,TRANSMUTATION ,yes    ,*            ,VSM        ,              ,       ,           ,         ,       ,            ,     ,      ,
Water Walk                         ,3     ,TRANSMUTATION ,yes    ,*            ,VSM        ,              ,       ,           ,         ,       ,            ,     ,      ,
Wind Wall                          ,3     ,EVOCATION     ,       ,*            ,VSM        ,yes           ,       ,           ,         ,       ,            ,     ,      ,
Arcane Eye                         ,4     ,DIVINATION    ,       ,*            ,VSM        ,yes           ,       ,           ,         ,       ,            ,     ,      ,
Aura of Life                       ,4     ,ABJURATION    ,       ,*            ,V          ,yes           ,       ,           ,         ,       ,            ,     ,      ,
Aura of Purity                     ,4     ,ABJURATION    ,       ,*            ,V          ,yes           ,       ,           ,         ,       ,            ,     ,      ,
Banishment                         ,4     ,ABJURATION    ,       ,*            ,VSM        ,yes           ,       ,           ,         ,       ,            ,     ,      ,
Blight                             ,4     ,NECROMANCY    ,       ,*            ,VS         ,              ,       ,           ,         ,       ,            ,     ,      ,
Charm Monster                      ,4     ,ENCHANTMENT   ,       ,*            ,VS         ,              ,       ,           ,         ,       ,            ,     ,      ,
Compulsion                         ,4     ,ENCHANTMENT   ,       ,*            ,VS         ,yes           ,       ,           ,         ,       ,            ,     ,      ,
Confusion                          ,4     ,ENCHANTMENT   ,       ,*            ,VSM        ,yes           ,       ,           ,         ,       ,            ,     ,      ,
Conjure Minor Elementals           ,4     ,CONJURATION   ,       ,1M           ,VS         ,yes           ,       ,           ,         ,       ,            ,     ,      ,
Conjure Woodland Beings            ,4     ,CONJURATION   ,       ,*            ,VSM        ,yes           ,       ,           ,         ,       ,            ,     ,      ,
Control Water                      ,4     ,TRANSMUTATION ,       ,*            ,VSM        ,yes           ,       ,           ,         ,       ,            ,     ,      ,
Death Ward                         ,4     ,ABJURATION    ,       ,*            ,VS         ,              ,       ,           ,         ,       ,            ,     ,      ,
Dimension Door                     ,4     ,CONJURATION   ,       ,*            ,V          ,              ,       ,           ,         ,       ,            ,     ,      ,
Divination                         ,4     ,DIVINATION    ,yes    ,*            ,VSM        ,              ,       ,           ,         ,       ,            ,     ,      ,
Dominate Beast                     ,4     ,ENCHANTMENT   ,       ,*            ,VS         ,yes           ,       ,           ,         ,       ,            ,     ,      ,
Elemental Bane                     ,4     ,TRANSMUTATION ,       ,*            ,VS         ,yes           ,       ,           ,         ,       ,            ,     ,      ,
Evard's Black Tentacles            ,4     ,CONJURATION   ,       ,*            ,VSM        ,yes           ,       ,           ,         ,       ,            ,     ,      ,
Fabricate                          ,4     ,TRANSMUTATION ,       ,10M   ,VS         ,              ,       ,           ,         ,       ,            ,     ,      ,
Find Greater Steed                 ,4     ,CONJURATION   ,       ,10M   ,VS         ,              ,       ,           ,         ,       ,            ,     ,      ,
Fire Shield                        ,4     ,EVOCATION     ,       ,*            ,VSM        ,              ,       ,           ,         ,       ,            ,     ,      ,
Freedom of Movement                ,4     ,ABJURATION    ,       ,*            ,VSM        ,              ,       ,           ,         ,       ,            ,     ,      ,
Giant Insect                       ,4     ,TRANSMUTATION ,       ,*            ,VS         ,yes           ,       ,           ,         ,       ,            ,     ,      ,
Grasping Vine                      ,4     ,CONJURATION   ,       ,**           ,VS         ,yes           ,       ,           ,         ,       ,            ,     ,      ,
Greater Invisibility               ,4     ,ILLUSION      ,       ,*            ,VS         ,yes           ,       ,           ,         ,       ,            ,     ,      ,
Guardian of Faith                  ,4     ,CONJURATION   ,       ,*            ,V          ,              ,       ,           ,         ,       ,            ,     ,      ,
Guardian of Nature                 ,4     ,TRANSMUTATION ,       ,**           ,V          ,yes           ,       ,           ,         ,       ,            ,     ,      ,
Hallucinatory Terrain              ,4     ,ILLUSION      ,       ,10M   ,VSM        ,              ,       ,           ,         ,       ,            ,     ,      ,
Ice Storm                          ,4     ,EVOCATION     ,       ,*            ,VSM        ,              ,       ,           ,         ,       ,            ,     ,      ,
Leomund's Secret Chest             ,4     ,CONJURATION   ,       ,*            ,VSM        ,              ,       ,           ,         ,       ,            ,     ,      ,
Locate Creature                    ,4     ,DIVINATION    ,       ,*            ,VSM        ,yes           ,       ,           ,         ,       ,            ,     ,      ,
Mordenkainen's Faithful Hound      ,4     ,CONJURATION   ,       ,*            ,VSM        ,              ,       ,           ,         ,       ,            ,     ,      ,
Mordenkainen's Private Sanctum     ,4     ,ABJURATION    ,       ,10M   ,VSM        ,              ,       ,           ,         ,       ,            ,     ,      ,
Otiluke's Resilient Sphere         ,4     ,EVOCATION     ,       ,*            ,VSM        ,yes           ,       ,           ,         ,       ,            ,     ,      ,
Phantasmal Killer                  ,4     ,ILLUSION      ,       ,*            ,VS         ,yes           ,       ,           ,         ,       ,            ,     ,      ,
Polymorph                          ,4     ,TRANSMUTATION ,       ,*            ,VSM        ,yes           ,       ,           ,         ,       ,            ,     ,      ,
Shadow of Moil                     ,4     ,NECROMANCY    ,       ,*            ,VSM        ,yes           ,       ,           ,         ,       ,            ,     ,      ,
Sickening Radiance                 ,4     ,EVOCATION     ,       ,*            ,VS         ,yes           ,       ,           ,         ,       ,            ,     ,      ,
Staggering Smite                   ,4     ,EVOCATION     ,       ,**           ,V          ,yes           ,       ,           ,         ,       ,            ,     ,      ,
Stone Shape                        ,4     ,TRANSMUTATION ,       ,*            ,VSM        ,              ,       ,           ,         ,       ,            ,     ,      ,
Stoneskin                          ,4     ,ABJURATION    ,       ,*            ,VSM        ,yes           ,       ,           ,         ,       ,            ,     ,      ,
Storm Sphere                       ,4     ,EVOCATION     ,       ,*            ,VS         ,yes           ,       ,           ,         ,       ,            ,     ,      ,
Summon Aberration                  ,4     ,CONJURATION   ,       ,*            ,VSM        ,yes           ,       ,           ,         ,       ,            ,     ,      ,
Summon Construct                   ,4     ,CONJURATION   ,       ,*            ,VSM        ,yes           ,       ,           ,         ,       ,            ,     ,      ,
Summon Elemental                   ,4     ,CONJURATION   ,       ,*            ,VSM        ,yes           ,       ,           ,         ,       ,            ,     ,      ,
Summon Greater Demon               ,4     ,CONJURATION   ,       ,*            ,VSM        ,yes           ,       ,           ,         ,       ,            ,     ,      ,
Vitriolic Sphere                   ,4     ,EVOCATION     ,       ,*            ,VSM        ,              ,       ,           ,         ,       ,            ,     ,      ,
Wall of Fire                       ,4     ,EVOCATION     ,       ,*            ,VSM        ,yes           ,       ,           ,         ,       ,            ,     ,      ,
Watery Sphere                      ,4     ,CONJURATION   ,       ,*            ,VSM        ,yes           ,       ,           ,         ,       ,            ,     ,      ,
Animate Objects                    ,5     ,TRANSMUTATION ,       ,*            ,VS         ,yes           ,       ,           ,         ,       ,            ,     ,      ,
Antilife Shell                     ,5     ,ABJURATION    ,       ,*            ,VS         ,yes           ,       ,           ,         ,       ,            ,     ,      ,
Awaken                             ,5     ,TRANSMUTATION ,       ,8H      ,VSM        ,              ,       ,           ,         ,       ,            ,     ,      ,
Banishing Smite                    ,5     ,ABJURATION    ,       ,**           ,V          ,yes           ,       ,           ,         ,       ,            ,     ,      ,
Bigby's Hand                       ,5     ,EVOCATION     ,       ,*            ,VSM        ,yes           ,       ,           ,         ,       ,            ,     ,      ,
Circle of Power                    ,5     ,ABJURATION    ,       ,*            ,V          ,yes           ,       ,           ,         ,       ,            ,     ,      ,
Cloudkill                          ,5     ,CONJURATION   ,       ,*            ,VS         ,yes           ,       ,           ,         ,       ,            ,     ,      ,
Commune                            ,5     ,DIVINATION    ,yes    ,1M           ,VSM        ,              ,       ,           ,         ,       ,            ,     ,      ,
Commune with Nature                ,5     ,DIVINATION    ,yes    ,1M           ,VS         ,              ,       ,           ,         ,       ,            ,     ,      ,
Cone of Cold                       ,5     ,EVOCATION     ,       ,*            ,VSM        ,              ,       ,           ,         ,       ,            ,     ,      ,
Conjure Elemental                  ,5     ,CONJURATION   ,       ,1M           ,VSM        ,yes           ,       ,           ,         ,       ,            ,     ,      ,
Conjure Volley                     ,5     ,CONJURATION   ,       ,*            ,VSM        ,              ,       ,           ,         ,       ,            ,     ,      ,
Contact Other Plane                ,5     ,DIVINATION    ,yes    ,1M           ,V          ,              ,       ,           ,         ,       ,            ,     ,      ,
Contagion                          ,5     ,NECROMANCY    ,       ,*            ,VS         ,              ,       ,           ,         ,       ,            ,     ,      ,
Control Winds                      ,5     ,TRANSMUTATION ,       ,*            ,VS         ,yes           ,       ,           ,         ,       ,            ,     ,      ,
Creation                           ,5     ,ILLUSION      ,       ,1M           ,VSM        ,              ,       ,           ,         ,       ,            ,     ,      ,
Danse Macabre                      ,5     ,NECROMANCY    ,       ,*            ,VS         ,yes           ,       ,           ,         ,       ,            ,     ,      ,
Dawn                               ,5     ,EVOCATION     ,       ,*            ,VSM        ,yes           ,       ,           ,         ,       ,            ,     ,      ,
Destructive Wave                   ,5     ,EVOCATION     ,       ,*            ,V          ,              ,       ,           ,         ,       ,            ,     ,      ,
Dispel Evil and Good               ,5     ,ABJURATION    ,       ,*            ,VSM        ,yes           ,       ,           ,         ,       ,            ,     ,      ,
Dominate Person                    ,5     ,ENCHANTMENT   ,       ,*            ,VS         ,yes           ,       ,           ,         ,       ,            ,     ,      ,
Dream                              ,5     ,ILLUSION      ,       ,1M           ,VSM        ,              ,       ,           ,         ,       ,            ,     ,      ,
Enervation                         ,5     ,NECROMANCY    ,       ,*            ,VS         ,yes           ,       ,           ,         ,       ,            ,     ,      ,
Far Step                           ,5     ,CONJURATION   ,       ,**           ,V          ,yes           ,       ,           ,         ,       ,            ,     ,      ,
Flame Strike                       ,5     ,EVOCATION     ,       ,*            ,VSM        ,              ,       ,           ,         ,       ,            ,     ,      ,
Geas                               ,5     ,ENCHANTMENT   ,       ,1M           ,V          ,              ,       ,           ,         ,       ,            ,     ,      ,
Greater Restoration                ,5     ,ABJURATION    ,       ,*            ,VSM        ,              ,       ,           ,         ,       ,            ,     ,      ,
Hallow                             ,5     ,EVOCATION     ,       ,24H     ,VSM        ,              ,       ,           ,         ,       ,            ,     ,      ,
Hold Monster                       ,5     ,ENCHANTMENT   ,       ,*            ,VSM        ,yes           ,       ,           ,         ,       ,            ,     ,      ,
Holy Weapon                        ,5     ,EVOCATION     ,       ,**           ,VS         ,yes           ,       ,           ,         ,       ,            ,     ,      ,
Immolation                         ,5     ,EVOCATION     ,       ,*            ,V          ,yes           ,       ,           ,         ,       ,            ,     ,      ,
Infernal Calling                   ,5     ,CONJURATION   ,       ,1M           ,VSM        ,yes           ,       ,           ,         ,       ,            ,     ,      ,
Insect Plague                      ,5     ,CONJURATION   ,       ,*            ,VSM        ,yes           ,       ,           ,         ,       ,            ,     ,      ,
Legend Lore                        ,5     ,DIVINATION    ,       ,10M   ,VSM        ,              ,       ,           ,         ,       ,            ,     ,      ,
Maelstrom                          ,5     ,EVOCATION     ,       ,*            ,VSM        ,yes           ,       ,           ,         ,       ,            ,     ,      ,
Mass Cure Wounds                   ,5     ,EVOCATION     ,       ,*            ,VS         ,              ,       ,           ,         ,       ,            ,     ,      ,
Mislead                            ,5     ,ILLUSION      ,       ,*            ,S          ,yes           ,       ,           ,         ,       ,            ,     ,      ,
Modify Memory                      ,5     ,ENCHANTMENT   ,       ,*            ,VS         ,yes           ,       ,           ,         ,       ,            ,     ,      ,
Negative Energy Flood              ,5     ,NECROMANCY    ,       ,*            ,VM         ,              ,       ,           ,         ,       ,            ,     ,      ,
Passwall                           ,5     ,TRANSMUTATION ,       ,*            ,VSM        ,              ,       ,           ,         ,       ,            ,     ,      ,
Planar Binding                     ,5     ,ABJURATION    ,       ,1H           ,VSM        ,              ,       ,           ,         ,       ,            ,     ,      ,
Raise Dead                         ,5     ,NECROMANCY    ,       ,1H           ,VSM        ,              ,       ,           ,         ,       ,            ,     ,      ,
Rary's Telepathic Bond             ,5     ,DIVINATION    ,yes    ,*            ,VSM        ,              ,       ,           ,         ,       ,            ,     ,      ,
Reincarnate                        ,5     ,TRANSMUTATION ,       ,1H           ,VSM        ,              ,       ,           ,         ,       ,            ,     ,      ,
Scrying                            ,5     ,DIVINATION    ,       ,10M   ,VSM        ,yes           ,       ,           ,         ,       ,            ,     ,      ,
Seeming                            ,5     ,ILLUSION      ,       ,*            ,VS         ,              ,       ,           ,         ,       ,            ,     ,      ,
Skill Empowerment                  ,5     ,TRANSMUTATION ,       ,*            ,VS         ,yes           ,       ,           ,         ,       ,            ,     ,      ,
Steel Wind Strike                  ,5     ,CONJURATION   ,       ,*            ,SMgp       ,              ,       ,           ,         ,       ,            ,     ,      ,
Summon Celestial                   ,5     ,CONJURATION   ,       ,*            ,VSM        ,yes           ,       ,           ,         ,       ,            ,     ,      ,
Swift Quiver                       ,5     ,TRANSMUTATION ,       ,**           ,VSM        ,yes           ,       ,           ,         ,       ,            ,     ,      ,
Synaptic Static                    ,5     ,ENCHANTMENT   ,       ,*            ,VS         ,              ,       ,           ,         ,       ,            ,     ,      ,
Telekinesis                        ,5     ,TRANSMUTATION ,       ,*            ,VS         ,yes           ,       ,           ,         ,       ,            ,     ,      ,
Teleportation Circle               ,5     ,CONJURATION   ,       ,1M           ,VMgp       ,              ,       ,           ,         ,       ,            ,     ,      ,
Transmute Rock                     ,5     ,TRANSMUTATION ,       ,*            ,VSM        ,              ,       ,           ,         ,       ,            ,     ,      ,
Tree Stride                        ,5     ,CONJURATION   ,       ,*            ,VS         ,yes           ,       ,           ,         ,       ,            ,     ,      ,
Wall of Force                      ,5     ,EVOCATION     ,       ,*            ,VSM        ,yes           ,       ,           ,         ,       ,            ,     ,      ,
Wall of Light                      ,5     ,EVOCATION     ,       ,*            ,VSM        ,yes           ,       ,           ,         ,       ,            ,     ,      ,
Wall of Stone                      ,5     ,EVOCATION     ,       ,*            ,VSM        ,yes           ,       ,           ,         ,       ,            ,     ,      ,
Wrath of Nature                    ,5     ,EVOCATION     ,       ,*            ,VS         ,yes           ,       ,           ,         ,       ,            ,     ,      ,
Arcane Gate                        ,6     ,CONJURATION   ,       ,*            ,VS         ,yes           ,       ,           ,         ,       ,            ,     ,      ,
Blade Barrier                      ,6     ,EVOCATION     ,       ,*            ,VS         ,yes           ,       ,           ,         ,       ,            ,     ,      ,
Bones of the Earth                 ,6     ,TRANSMUTATION ,       ,*            ,VS         ,              ,       ,           ,         ,       ,            ,     ,      ,
Chain Lightning                    ,6     ,EVOCATION     ,       ,*            ,VSM        ,              ,       ,           ,         ,       ,            ,     ,      ,
Circle of Death                    ,6     ,NECROMANCY    ,       ,*            ,VSM        ,              ,       ,           ,         ,       ,            ,     ,      ,
Conjure Fey                        ,6     ,CONJURATION   ,       ,1M           ,VS         ,yes           ,       ,           ,         ,       ,            ,     ,      ,
Contingency                        ,6     ,EVOCATION     ,       ,10M   ,VSM        ,              ,       ,           ,         ,       ,            ,     ,      ,
Create Homunculus                  ,6     ,TRANSMUTATION ,       ,1H           ,VSM        ,              ,       ,           ,         ,       ,            ,     ,      ,
Create Undead                      ,6     ,NECROMANCY    ,       ,1M           ,VSM        ,              ,       ,           ,         ,       ,            ,     ,      ,
Disintegrate                       ,6     ,TRANSMUTATION ,       ,*            ,VSM        ,              ,       ,           ,         ,       ,            ,     ,      ,
Drawmij's Instant Summons          ,6     ,CONJURATION   ,yes    ,1M           ,VSM        ,              ,       ,           ,         ,       ,            ,     ,      ,
Druid Grove                        ,6     ,ABJURATION    ,       ,10M   ,VSM        ,              ,       ,           ,         ,       ,            ,     ,      ,
Eyebite                            ,6     ,NECROMANCY    ,       ,*            ,VS         ,yes           ,       ,           ,         ,       ,            ,     ,      ,
Find the Path                      ,6     ,DIVINATION    ,       ,1M           ,VSM        ,yes           ,       ,           ,         ,       ,            ,     ,      ,
Flesh to Stone                     ,6     ,TRANSMUTATION ,       ,*            ,VSM        ,yes           ,       ,           ,         ,       ,            ,     ,      ,
Forbiddance                        ,6     ,ABJURATION    ,yes    ,10M   ,VSM        ,              ,       ,           ,         ,       ,            ,     ,      ,
Globe of Invulnerability           ,6     ,ABJURATION    ,       ,*            ,VSM        ,yes           ,       ,           ,         ,       ,            ,     ,      ,
Guards and Wards                   ,6     ,ABJURATION    ,       ,10M   ,VSM        ,              ,       ,           ,         ,       ,            ,     ,      ,
Harm                               ,6     ,NECROMANCY    ,       ,*            ,VS         ,              ,       ,           ,         ,       ,            ,     ,      ,
Heal                               ,6     ,EVOCATION     ,       ,*            ,VS         ,              ,       ,           ,         ,       ,            ,     ,      ,
Heroes' Feast                      ,6     ,CONJURATION   ,       ,10M   ,VSM        ,              ,       ,           ,         ,       ,            ,     ,      ,
Investiture of Flame               ,6     ,TRANSMUTATION ,       ,*            ,VS         ,yes           ,       ,           ,         ,       ,            ,     ,      ,
Investiture of Ice                 ,6     ,TRANSMUTATION ,       ,*            ,VS         ,yes           ,       ,           ,         ,       ,            ,     ,      ,
Investiture of Stone               ,6     ,TRANSMUTATION ,       ,*            ,VS         ,yes           ,       ,           ,         ,       ,            ,     ,      ,
Investiture of Wind                ,6     ,TRANSMUTATION ,       ,*            ,VS         ,yes           ,       ,           ,         ,       ,            ,     ,      ,
Magic Jar                          ,6     ,NECROMANCY    ,       ,1M           ,VSM        ,              ,       ,           ,         ,       ,            ,     ,      ,
Mass Suggestion                    ,6     ,ENCHANTMENT   ,       ,*            ,VM         ,              ,       ,           ,         ,       ,            ,     ,      ,
Mental Prison                      ,6     ,ILLUSION      ,       ,*            ,S          ,yes           ,       ,           ,         ,       ,            ,     ,      ,
Move Earth                         ,6     ,TRANSMUTATION ,       ,*            ,VSM        ,yes           ,       ,           ,         ,       ,            ,     ,      ,
Otiluke's Freezing Sphere          ,6     ,EVOCATION     ,       ,*            ,VSM        ,              ,       ,           ,         ,       ,            ,     ,      ,
Otto's Irresistible Dance          ,6     ,ENCHANTMENT   ,       ,*            ,V          ,yes           ,       ,           ,         ,       ,            ,     ,      ,
Planar Ally                        ,6     ,CONJURATION   ,       ,10M   ,VS         ,              ,       ,           ,         ,       ,            ,     ,      ,
Primordial Ward                    ,6     ,ABJURATION    ,       ,*            ,VS         ,yes           ,       ,           ,         ,       ,            ,     ,      ,
Programmed Illusion                ,6     ,ILLUSION      ,       ,*            ,VSM        ,              ,       ,           ,         ,       ,            ,     ,      ,
Scatter                            ,6     ,ABJURATION    ,       ,*            ,V          ,              ,       ,           ,         ,       ,            ,     ,      ,
Soul Cage                          ,6     ,NECROMANCY    ,       ,1R*          ,VSM        ,              ,       ,           ,         ,       ,            ,     ,      ,
Summon Fiend                       ,6     ,CONJURATION   ,       ,*            ,VSM        ,yes           ,       ,           ,         ,       ,            ,     ,      ,
Sunbeam                            ,6     ,EVOCATION     ,       ,*            ,VSM        ,yes           ,       ,           ,         ,       ,            ,     ,      ,
Tasha's Otherworldly Guise         ,6     ,TRANSMUTATION ,       ,**           ,VSM        ,yes           ,       ,           ,         ,       ,            ,     ,      ,
Tenser's Transformation            ,6     ,TRANSMUTATION ,       ,*            ,VSM        ,yes           ,       ,           ,         ,       ,            ,     ,      ,
Transport via Plants               ,6     ,CONJURATION   ,       ,*            ,VS         ,              ,       ,           ,         ,       ,            ,     ,      ,
True Seeing                        ,6     ,DIVINATION    ,       ,*            ,VSM        ,              ,       ,           ,         ,       ,            ,     ,      ,
Wall of Ice                        ,6     ,EVOCATION     ,       ,*            ,VSM        ,yes           ,       ,           ,         ,       ,            ,     ,      ,
Wall of Thorns                     ,6     ,CONJURATION   ,       ,*            ,VSM        ,yes           ,       ,           ,         ,       ,            ,     ,      ,
Wind Walk                          ,6     ,TRANSMUTATION ,       ,1M           ,VSM        ,              ,       ,           ,         ,       ,            ,     ,      ,
Word of Recall                     ,6     ,CONJURATION   ,       ,*            ,V          ,              ,       ,           ,         ,       ,            ,     ,      ,
Conjure Celestial                  ,7     ,CONJURATION   ,       ,1M           ,VS         ,yes           ,       ,           ,         ,       ,            ,     ,      ,
Crown of Stars                     ,7     ,EVOCATION     ,       ,*            ,VS         ,              ,       ,           ,         ,       ,            ,     ,      ,
Delayed Blast Fireball             ,7     ,EVOCATION     ,       ,*            ,VSM        ,yes           ,       ,           ,         ,       ,            ,     ,      ,
Divine Word                        ,7     ,EVOCATION     ,       ,**           ,V          ,              ,       ,           ,         ,       ,            ,     ,      ,
Dream of the Blue Veil             ,7     ,CONJURATION   ,       ,10M   ,VSM        ,              ,       ,           ,         ,       ,            ,     ,      ,
Etherealness                       ,7     ,TRANSMUTATION ,       ,*            ,VS         ,              ,       ,           ,         ,       ,            ,     ,      ,
Finger of Death                    ,7     ,NECROMANCY    ,       ,*            ,VS         ,              ,       ,           ,         ,       ,            ,     ,      ,
Fire Storm                         ,7     ,EVOCATION     ,       ,*            ,VS         ,              ,       ,           ,         ,       ,            ,     ,      ,
Forcecage                          ,7     ,EVOCATION     ,       ,*            ,VSM        ,              ,       ,           ,         ,       ,            ,     ,      ,
Mirage Arcane                      ,7     ,ILLUSION      ,       ,10M   ,VS         ,              ,       ,           ,         ,       ,            ,     ,      ,
Mordenkainen's Magnificent Mansion ,7     ,CONJURATION   ,       ,1M           ,VSM        ,              ,       ,           ,         ,       ,            ,     ,      ,
Mordenkainen's Sword               ,7     ,EVOCATION     ,       ,*            ,VSM        ,yes           ,       ,           ,         ,       ,            ,     ,      ,
Plane Shift                        ,7     ,CONJURATION   ,       ,*            ,VSM        ,              ,       ,           ,         ,       ,            ,     ,      ,
Power Word Pain                    ,7     ,ENCHANTMENT   ,       ,*            ,V          ,              ,       ,           ,         ,       ,            ,     ,      ,
Prismatic Spray                    ,7     ,EVOCATION     ,       ,*            ,VS         ,              ,       ,           ,         ,       ,            ,     ,      ,
Project Image                      ,7     ,ILLUSION      ,       ,*            ,VSM        ,yes           ,       ,           ,         ,       ,            ,     ,      ,
Regenerate                         ,7     ,TRANSMUTATION ,       ,1M           ,VSM        ,              ,       ,           ,         ,       ,            ,     ,      ,
Resurrection                       ,7     ,NECROMANCY    ,       ,1H           ,VSM        ,              ,       ,           ,         ,       ,            ,     ,      ,
Reverse Gravity                    ,7     ,TRANSMUTATION ,       ,*            ,VSM        ,yes           ,       ,           ,         ,       ,            ,     ,      ,
Sequester                          ,7     ,TRANSMUTATION ,       ,*            ,VSM        ,              ,       ,           ,         ,       ,            ,     ,      ,
Simulacrum                         ,7     ,ILLUSION      ,       ,12H     ,VSM        ,              ,       ,           ,         ,       ,            ,     ,      ,
Symbol                             ,7     ,ABJURATION    ,       ,1M           ,VSM        ,              ,       ,           ,         ,       ,            ,     ,      ,
Teleport                           ,7     ,CONJURATION   ,       ,*            ,V          ,              ,       ,           ,         ,       ,            ,     ,      ,
Temple of the Gods                 ,7     ,CONJURATION   ,       ,1H           ,VSM        ,              ,       ,           ,         ,       ,            ,     ,      ,
Whirlwind                          ,7     ,EVOCATION     ,       ,*            ,VM         ,yes           ,       ,           ,         ,       ,            ,     ,      ,
Abi-Dalzim's Horrid Wilting        ,8     ,NECROMANCY    ,       ,*            ,VSM        ,              ,       ,           ,         ,       ,            ,     ,      ,
Animal Shapes                      ,8     ,TRANSMUTATION ,       ,*            ,VS         ,yes           ,       ,           ,         ,       ,            ,     ,      ,
Antimagic Field                    ,8     ,ABJURATION    ,       ,*            ,VSM        ,yes           ,       ,           ,         ,       ,            ,     ,      ,
Antipathy/Sympathy                 ,8     ,ENCHANTMENT   ,       ,1H           ,VSM        ,              ,       ,           ,         ,       ,            ,     ,      ,
Clone                              ,8     ,NECROMANCY    ,       ,1H           ,VSM        ,              ,       ,           ,         ,       ,            ,     ,      ,
Control Weather                    ,8     ,TRANSMUTATION ,       ,10M   ,VSM        ,yes           ,       ,           ,         ,       ,            ,     ,      ,
Demiplane                          ,8     ,CONJURATION   ,       ,*            ,S          ,              ,       ,           ,         ,       ,            ,     ,      ,
Dominate Monster                   ,8     ,ENCHANTMENT   ,       ,*            ,VS         ,yes           ,       ,           ,         ,       ,            ,     ,      ,
Earthquake                         ,8     ,EVOCATION     ,       ,*            ,VSM        ,yes           ,       ,           ,         ,       ,            ,     ,      ,
Feeblemind                         ,8     ,ENCHANTMENT   ,       ,*            ,VSM        ,              ,       ,           ,         ,       ,            ,     ,      ,
Glibness                           ,8     ,TRANSMUTATION ,       ,*            ,V          ,              ,       ,           ,         ,       ,            ,     ,      ,
Holy Aura                          ,8     ,ABJURATION    ,       ,*            ,VSM        ,yes           ,       ,           ,         ,       ,            ,     ,      ,
Illusory Dragon                    ,8     ,ILLUSION      ,       ,*            ,S          ,yes           ,       ,           ,         ,       ,            ,     ,      ,
Incendiary Cloud                   ,8     ,CONJURATION   ,       ,*            ,VS         ,yes           ,       ,           ,         ,       ,            ,     ,      ,
Maddening Darkness                 ,8     ,EVOCATION     ,       ,*            ,VM         ,yes           ,       ,           ,         ,       ,            ,     ,      ,
Maze                               ,8     ,CONJURATION   ,       ,*            ,VS         ,yes           ,       ,           ,         ,       ,            ,     ,      ,
Mighty Fortress                    ,8     ,CONJURATION   ,       ,1M           ,VSM        ,              ,       ,           ,         ,       ,            ,     ,      ,
Mind Blank                         ,8     ,ABJURATION    ,       ,*            ,VS         ,              ,       ,           ,         ,       ,            ,     ,      ,
Power Word Stun                    ,8     ,ENCHANTMENT   ,       ,*            ,V          ,              ,       ,           ,         ,       ,            ,     ,      ,
Sunburst                           ,8     ,EVOCATION     ,       ,*            ,VSM        ,              ,       ,           ,         ,       ,            ,     ,      ,
Telepathy                          ,8     ,EVOCATION     ,       ,*            ,VSM        ,              ,       ,           ,         ,       ,            ,     ,      ,
Tsunami                            ,8     ,CONJURATION   ,       ,1M           ,VS         ,yes           ,       ,           ,         ,       ,            ,     ,      ,
Astral Projection                  ,9     ,NECROMANCY    ,       ,1H           ,VSM        ,              ,       ,           ,         ,       ,            ,     ,      ,
Blade of Disaster                  ,9     ,CONJURATION   ,       ,**           ,VS         ,yes           ,       ,           ,         ,       ,            ,     ,      ,
Foresight                          ,9     ,DIVINATION    ,       ,1M           ,VSM        ,              ,       ,           ,         ,       ,            ,     ,      ,
Gate                               ,9     ,CONJURATION   ,       ,*            ,VSM        ,yes           ,       ,           ,         ,       ,            ,     ,      ,
Imprisonment                       ,9     ,ABJURATION    ,       ,1M           ,VSM        ,              ,       ,           ,         ,       ,            ,     ,      ,
Invulnerability                    ,9     ,ABJURATION    ,       ,*            ,VSM        ,yes           ,       ,           ,         ,       ,            ,     ,      ,
Mass Heal                          ,9     ,EVOCATION     ,       ,*            ,VS         ,              ,       ,           ,         ,       ,            ,     ,      ,
Mass Polymorph                     ,9     ,TRANSMUTATION ,       ,*            ,VSM        ,yes           ,       ,           ,         ,       ,            ,     ,      ,
Meteor Swarm                       ,9     ,EVOCATION     ,       ,*            ,VS         ,              ,       ,           ,         ,       ,            ,     ,      ,
Power Word Heal                    ,9     ,EVOCATION     ,       ,*            ,VS         ,              ,       ,           ,         ,       ,            ,     ,      ,
Power Word Kill                    ,9     ,ENCHANTMENT   ,       ,*            ,V          ,              ,       ,           ,         ,       ,            ,     ,      ,
Prismatic Wall                     ,9     ,ABJURATION    ,       ,*            ,VS         ,              ,       ,           ,         ,       ,            ,     ,      ,
Psychic Scream                     ,9     ,ENCHANTMENT   ,       ,*            ,S          ,              ,       ,           ,         ,       ,            ,     ,      ,
Shapechange                        ,9     ,TRANSMUTATION ,       ,*            ,VSM        ,yes           ,       ,           ,         ,       ,            ,     ,      ,
Storm of Vengeance                 ,9     ,CONJURATION   ,       ,*            ,VS         ,yes           ,       ,           ,         ,       ,            ,     ,      ,
Time Stop                          ,9     ,TRANSMUTATION ,       ,*            ,V          ,              ,       ,           ,         ,       ,            ,     ,      ,
True Polymorph                     ,9     ,TRANSMUTATION ,       ,*            ,VSM        ,yes           ,       ,           ,         ,       ,            ,     ,      ,
True Resurrection                  ,9     ,NECROMANCY    ,       ,1H           ,VSM        ,              ,       ,           ,         ,       ,            ,     ,      ,
Weird                              ,9     ,ILLUSION      ,       ,*            ,VS         ,yes           ,       ,           ,         ,       ,            ,     ,      ,
Wish                               ,9     ,CONJURATION   ,       ,*            ,V          ,              ,       ,           ,         ,       ,            ,     ,      ,